{
  "regions": {
    "community_card_1": {
      "x": 33.274927460304596,
      "y": 34.45539682539686,
      "width": 6.3809370286358895,
      "height": 7.413533834586474
    },
    "community_card_2": {
      "x": 40.489282835726385,
      "y": 34.31063492063495,
      "width": 5.6329721700883155,
      "height": 6.812030075187975
    },
    "community_card_3": {
      "x": 46.74257370823305,
      "y": 34.46288220551378,
      "width": 5.846676415387626,
      "height": 7.563909774436096
    },
    "community_card_4": {
      "x": 53.422517320173526,
      "y": 34.46288220551381,
      "width": 5.632972170088317,
      "height": 7.1127819548872235
    },
    "community_card_5": {
      "x": 60.210214536109476,
      "y": 34.31063492063495,
      "width": 5.84667641538763,
      "height": 7.26315789473685
    },
    "hero_card_1": {
      "x": 43.400707104298384,
      "y": 62.575705931495435,
      "width": 6.594641273935224,
      "height": 6.511278195488726
    },
    "hero_card_2": {
      "x": 50.184008921166324,
      "y": 62.57570593149546,
      "width": 5.7398242927379695,
      "height": 6.511278195488728
    },
    "pot_area": {
      "x": 43.065049568791785,
      "y": 49.355806182122016,
      "width": 13.753733491462171,
      "height": 4.406015037593985
    }
  },
  "timestamp": "2025-07-26 21:59:32.398800",
  "version": "1.0",
  "image_dimensions": {
    "width": 1278,
    "height": 909
  }
}