{
  "regions": {
    "community_card_1": {
      "x": 40.2368421052633,
      "y": 32.754385964912295,
      "width": 3.999999999999999,
      "height": 9.871345029239766
    },
    "community_card_2": {
      "x": 44.184210526315795,
      "y": 33.12865497076024,
      "width": 3.6842105263157876,
      "height": 8.748538011695906
    },
    "community_card_3": {
      "x": 48.13157894736848,
      "y": 33.12865497076024,
      "width": 3.9999999999999907,
      "height": 9.497076023391813
    },
    "community_card_4": {
      "x": 52.07894736842107,
      "y": 33.12865497076024,
      "width": 3.9999999999999907,
      "height": 9.497076023391813
    },
    "community_card_5": {
      "x": 56.02631578947366,
      "y": 33.12865497076024,
      "width": 3.9999999999999907,
      "height": 9.497076023391813
    },
    "hero_card_1": {
      "x": 45.0,
      "y": 70.0,
      "width": 4.0,
      "height": 8.0
    },
    "hero_card_2": {
      "x": 50.0,
      "y": 70.0,
      "width": 4.0,
      "height": 8.0
    },
    "pot_area": {
      "x": 43.52631578947369,
      "y": 46.67836257309939,
      "width": 14.0,
      "height": 6.0
    }
  },
  "timestamp": "2025-08-05 02:20:00 (manually corrected)",
  "version": "1.0",
  "image_dimensions": {
    "width": 1920,
    "height": 1080
  }
}