{
  "hero_card_1": {
    "x_percent": 0.5197916666666667,
    "y_percent": 0.6611111111111111,
    "width_percent": 0.04010416666666667,
    "height_percent": 0.09259259259259259
  }
}